{
    "BA": {
        "model": "BA",
        "params": {
            "m": 4
        },
        "loss": 7.911793260056012,
        "stats": [
            1.827937915742793,
            5.582261640798233,
            0.030682634230753906,
            0.019476736120744666,
            0.553929539295393,
            0.6579453067257945
        ]
    },
    "Bianconi_BB": {
        "model": "Bianconi_BB",
        "params": {
            "m": 3
        },
        "loss": 8.765629376496499,
        "stats": [
            2.9739344666173637,
            5.266223207686629,
            0.03336611712630011,
            0.01918105309295046,
            0.6724809066272481,
            0.6088691796008869
        ]
    },
    "Copying": {
        "model": "Copying",
        "params": {
            "beta": 0.7531015627086163,
            "m_init": 2
        },
        "loss": 7.698490975956441,
        "stats": [
            1.2265188470066684,
            5.990983000739105,
            0.02868132904719155,
            0.019417583773875303,
            0.4398521803399852,
            0.7039172209903917
        ]
    },
    "SBM_PA": {
        "model": "SBM_PA",
        "params": {
            "k": 6,
            "alpha": 2.086762759834528,
            "m1": 1,
            "m2": 3
        },
        "loss": 11.630990992462516,
        "stats": [
            3.3266999260901517,
            4.288045084996312,
            0.022041258869039237,
            0.37958333926856613,
            0.29963045084996304,
            0.4848669623059867
        ]
    },
    "ERGM": {
        "model": "ERGM",
        "params": {
            "theta_mut": 4.123548926785588,
            "theta_out": 1.6951145604252815,
            "theta_in": -1.2894034013152122,
            "theta_tri": 2.118100605905056
        },
        "loss": 10.853545840832972,
        "stats": [
            5.65469327420545,
            4.672086720867215,
            0.03431609951423691,
            0.018360485061793618,
            0.6543976348854397,
            0.5032766691303276
        ]
    },
    "BTER": {
        "model": "BTER",
        "params": {
            "alpha": 1.8248058130033313,
            "density": 0.013168428242206574
        },
        "loss": 4.902145460322762,
        "stats": [
            2.7512195121951044,
            1.2794284306479495,
            0.029427571742383057,
            0.05772218000558781,
            0.16348854397634885,
            0.1729490022172949
        ]
    },
    "Kronecker": {
        "model": "Kronecker",
        "params": {
            "a": 0.7952283211052418,
            "b": 0.285428845975548,
            "c": 0.2680366462562233
        },
        "loss": 11.206205927638402,
        "stats": [
            5.326504065040632,
            5.326504065040657,
            0.03584304363496659,
            0.019476736120744666,
            0.9967775314116778,
            0.6695934959349594
        ]
    }
}