{
    "BA": {
        "model": "BA",
        "params": {
            "m": 4
        },
        "loss": 7.761494887959969,
        "stats": [
            1.8717910815472087,
            5.582261640798233,
            0.03054944920024528,
            0.019476736120744666,
            0.5472283813747228,
            0.6579453067257945
        ]
    },
    "Bianconi_BB": {
        "model": "Bianconi_BB",
        "params": {
            "m": 3
        },
        "loss": 8.588740694996853,
        "stats": [
            2.9865484109386173,
            5.266223207686629,
            0.033405097106231074,
            0.01918105309295046,
            0.6755851194875585,
            0.6088691796008869
        ]
    },
    "Copying": {
        "model": "Copying",
        "params": {
            "beta": 0.7410806355066597,
            "m_init": 5
        },
        "loss": 7.564241529262584,
        "stats": [
            1.2837398373983742,
            5.992313377679238,
            0.02862997771784558,
            0.018885370065156257,
            0.43268662232076865,
            0.7039172209903917
        ]
    },
    "SBM_PA": {
        "model": "SBM_PA",
        "params": {
            "k": 62,
            "alpha": 3.1446636486798525,
            "m1": 1,
            "m2": 1
        },
        "loss": 6.79523687234139,
        "stats": [
            2.753141167775297,
            3.646600147819667,
            0.03308137183069351,
            0.6468183843949158,
            0.18619733924611973,
            0.41324833702882485
        ]
    },
    "ERGM": {
        "model": "ERGM",
        "params": {
            "theta_mut": -1.9529762398451567,
            "theta_out": -4.023889047093689,
            "theta_in": 0.9431182267144322,
            "theta_tri": -1.563707273453474
        },
        "loss": 10.66716344225008,
        "stats": [
            5.630746489283058,
            4.692485833949255,
            0.034203736778986436,
            0.01893751227903569,
            0.6550381867455038,
            0.505740330130574
        ]
    },
    "BTER": {
        "model": "BTER",
        "params": {
            "alpha": 1.4571215614676474,
            "density": 0.01754882201552391
        },
        "loss": 4.615381851924411,
        "stats": [
            3.5264597191426272,
            0.9167036215816771,
            0.016625901070274937,
            0.059595004973581736,
            0.15772357723577235,
            0.1681818181818182
        ]
    },
    "Kronecker": {
        "model": "Kronecker",
        "params": {
            "a": 0.9422460217960178,
            "b": 0.47144053811207415,
            "c": 0.4373518266621977
        },
        "loss": 9.968985591294057,
        "stats": [
            4.836067997043589,
            4.836067997043614,
            0.02955840669519514,
            0.012655302549036466,
            0.7657945306725795,
            0.45868440502586844
        ]
    }
}