{
    "Copying": {
        "model": "Copying",
        "params": {
            "beta": 0.8823335832590722,
            "m_init": 3
        },
        "loss": 1.8182618745759898,
        "stats": [
            0.005044728461329942,
            2.810323137243379,
            2.705876190659709,
            0.0
        ]
    },
    "Hybrid": {
        "model": "Hybrid",
        "params": {
            "p_copy": 0.1407045876360117,
            "m_init": 9
        },
        "loss": 1.4621531626892068,
        "stats": [
            0.0076319379606639174,
            1.7651021155455107,
            1.7344233554423119,
            0.005878515312724208
        ]
    },
    "SBM_PA": {
        "model": "SBM_PA",
        "params": {
            "m": 4,
            "n_comm": 23,
            "mu": 0.11678739201202756,
            "p_recip": 0.0034686071761391634
        },
        "loss": 0.05466363021776438,
        "stats": [
            0.03831287194430033,
            2.4903154914034844,
            2.8437049376237273,
            0.01818824038875981
        ]
    },
    "ERGM": {
        "model": "ERGM",
        "params": {
            "theta_mut": 4.970981085016654,
            "theta_star": 0.004825786672861576
        },
        "loss": 1.807738146152032,
        "stats": [
            0.0015437212980017737,
            3.2400232852380806,
            3.2276631107643206,
            0.002171445860831872
        ]
    },
    "BTER": {
        "model": "BTER",
        "params": {
            "alpha": 2.057721422472647,
            "density": 0.1725614128719749
        },
        "loss": 0.16927419041340522,
        "stats": [
            0.02817207214316774,
            3.342299945006365,
            3.3381308821692506,
            0.01937586016788744
        ]
    },
    "Kronecker": {
        "model": "Kronecker",
        "params": {
            "a": 0.5230661865516121,
            "b": 0.10415559104601067,
            "c": 0.22222536311324304
        },
        "loss": 0.09286390421726287,
        "stats": [
            0.03193833281247669,
            3.1565983892671747,
            3.812288495729391,
            0.02099186855714522
        ]
    }
}