{
    "BA": {
        "model": "BA",
        "params": {
            "m": 10
        },
        "loss": 2.468918981756083,
        "stats": [
            0.011627528221402316,
            2.8747559355591186,
            0.020939397546954657,
            0.0
        ]
    },
    "Bianconi_BB": {
        "model": "Bianconi_BB",
        "params": {
            "m": 10
        },
        "loss": 2.4379467255927816,
        "stats": [
            0.008745728690981999,
            2.2773380085590933,
            0.016028934731156626,
            0.0013305736250739208
        ]
    },
    "Copying": {
        "model": "Copying",
        "params": {
            "beta": 0.8224678806960583,
            "m_init": 10
        },
        "loss": 2.3933516048536156,
        "stats": [
            0.006913092708236287,
            2.6653214341164277,
            0.016028934731156626,
            0.0026576111029086077
        ]
    },
    "SBM_PA": {
        "model": "SBM_PA",
        "params": {
            "k": 40,
            "alpha": 1.9545277817174793,
            "m1": 4,
            "m2": 9
        },
        "loss": 69.25196358273614,
        "stats": [
            0.039739124678362665,
            5.181401811947091,
            4.759199397289554,
            0.1800502177772008
        ]
    },
    "ERGM": {
        "model": "ERGM",
        "params": {
            "theta_mut": 4.924888335168362,
            "theta_star": -4.926721028983593
        },
        "loss": 1.184298787827327,
        "stats": [
            0.0017556485059380667,
            3.247194570964032,
            3.1734323999009795,
            0.011396712980024088
        ]
    },
    "BTER": {
        "model": "BTER",
        "params": {
            "alpha": 1.8248058130033313,
            "density": 0.013168428242206574
        },
        "loss": 8.88546352184551,
        "stats": [
            0.06684140455834021,
            3.5806636651169392,
            3.5828764189011757,
            0.07437564255479481
        ]
    },
    "Kronecker": {
        "model": "Kronecker",
        "params": {
            "a": 0.7952283211052418,
            "b": 0.285428845975548,
            "c": 0.2680366462562233
        },
        "loss": 3.9588193591452487,
        "stats": [
            0.0,
            0.030514718167433414,
            0.030514718167433414,
            0.0
        ]
    }
}